1,人生海海（麦家重磅力作，莫言、董卿盛赞，连续两年高居畅销榜，发行量超200万册）,麦家,27.50,北京十月文艺出版社,http://product.dangdang.com/26921715.html
2,蛤蟆先生去看心理医生（年销200万册！英国经典心理咨询入门书，知名心理学家李松蔚强烈推荐）,罗伯特・戴博德,19.00,天津人民出版社,http://product.dangdang.com/28992419.html
3,生死疲劳（不看不知道，莫言真幽默！全新版本！印章版和普通版随机发货）,莫言,34.90,浙江文艺出版社,http://product.dangdang.com/29343835.html
4,青铜葵花（当当网定制版）,曹文轩,8.70,天天出版社有限责任公司,http://product.dangdang.com/23665180.html
5,活着（余华代表作，精装，易烊千玺推荐阅读。当当专享印签藏书票+限量赠珍藏复刻手稿）,余华,31.00,北京十月文艺出版社,http://product.dangdang.com/29311943.html
6,被讨厌的勇气：“自我启发之父”阿德勒的哲学课 岸见一郎,岸��一郎,55.00,机械工业出版社,http://product.dangdang.com/28518072.html
7,三体：全三册 刘慈欣代表作，亚洲“雨果奖”获奖作品！,刘慈欣,51.10,重庆出版社,http://product.dangdang.com/23579654.html
8,杀死一只知更鸟（豆瓣9.2，关于勇气与正义的成长教科书，影响全球5000万家庭的“教养宝典”，奥巴马、贝克汉姆、奥普拉鼎力推荐）,哈珀・李,48.00,译林出版社,http://product.dangdang.com/24185602.html
9,次第花开 修订版,希阿荣博堪布,19.90,海南出版社,http://product.dangdang.com/24184084.html
10,面纱（毛姆关于女性精神觉醒的经典作品，三次改编成电影。2018全新编校+无删减全译本）,毛姆,12.20,时代文艺出版社,http://product.dangdang.com/26445650.html
11,少年读史记（套装全5册）,张嘉骅,50.00,青岛出版社,http://product.dangdang.com/23778791.html
12,月光落在左手上（精装珍藏版）,余秀华,29.00,北京十月文艺出版社,http://product.dangdang.com/29126248.html
13,马尔克斯：百年孤独（50周年纪念版）,加西亚・马尔克斯,39.60,南海出版公司,http://product.dangdang.com/25138856.html
14,2021文津奖推荐科普图书 给孩子讲人工智能,涂子沛,26.10,人民邮电出版社,http://product.dangdang.com/28984355.html
15,天蓝色的彼岸,亚历克斯・希勒,22.00,北京联合出版有限公司,http://product.dangdang.com/26483740.html
16,你当像鸟飞往你的山（中文版销量超200万册，比尔・盖茨年度特别推荐！登顶《纽约时报》畅销榜80+周，这本书比你听说的还要好！）,塔拉,34.80,南海出版公司,http://product.dangdang.com/28473192.html
17,心安即是归处（季羡林百年生命智慧。央视《朗读者》多次动情朗读本书名篇，贾平凹、白岩松、金庸、林青霞诚意推荐）,季羡林,24.50,古吴轩出版社,http://product.dangdang.com/28976722.html
18,法治的细节（罗翔新作，法律随笔，评热点、论法理、聊读书、谈爱情，人间清醒与你坦诚相见）,罗翔,24.90,云南人民出版社,http://product.dangdang.com/29323524.html
19,大话中国艺术史（句句有梗，一口气读完10000年中国艺术史。艺术头部自媒体意外艺术新作，句句有梗的极简艺术史又来了）,意公子,59.00,海南出版社,http://product.dangdang.com/29374495.html
20,东野圭吾：白夜行（易烊千玺、孟非推荐，东野圭吾作品无冕之王）,东野圭吾,29.80,南海出版公司,http://product.dangdang.com/25119332.html
21,这么好玩的物理 我是学霸 给孩子的物理启蒙科普绘本,项华,39.00,北京联合出版有限公司,http://product.dangdang.com/29335623.html
22,走遍中国 图说天下 寻梦之旅,霍晨昕,20.40,四川人民出版社,http://product.dangdang.com/26510848.html
23,天才在左 疯子在右(全新完整版),高铭,44.50,北京联合出版有限公司,http://product.dangdang.com/25285092.html
24,遥远的救世主（天道原著王志文主演电视剧畅销遥远的救世主作者豆豆三部曲之一）,豆豆,24.00,作家出版社,http://product.dangdang.com/25353527.html
25,暖房子・屁屁侦探系列（套装共7册）,Troll,57.50,海豚出版社,http://product.dangdang.com/29128839.html
26,小王子（罗翔老师推荐阅读，李继宏口碑译作，作者基金会官方认证简体中文版）【果麦经典】,安托万・德・圣埃克苏佩里,19.90,天津人民出版社,http://product.dangdang.com/25298376.html
27,东野圭吾：解忧杂货店（胡歌、王俊凯、刘昊然倾情推荐，简体中文1000万册纪念版）,东野圭吾,29.50,南海出版公司,http://product.dangdang.com/29117361.html
28,万物由来科学绘本 写给孩子的科普绘本,项华,35.70,北京联合出版有限公司,http://product.dangdang.com/28973600.html
29,名画里看世界 给孩子能读懂的美学科普 精装版,钟华,37.50,北京联合出版有限公司,http://product.dangdang.com/29346299.html
30,在细雨中呼喊（余华活着许三观卖血记兄弟文城长篇代表作之一作家出版社）,余华,21.40,作家出版社,http://product.dangdang.com/25160767.html
31,小小聪明豆绘本系列:波西和皮普(套装共7册),阿克塞尔・舍夫勒,36.50,外语教学与研究出版社,http://product.dangdang.com/23769597.html
32,跟着诗词去旅行 图说天下 寻梦之旅,郝娟菡,15.00,四川人民出版社,http://product.dangdang.com/27942606.html
33,文城（余华新书，时隔8年重磅归来，《活着》之后又一精彩力作）,余华,29.50,北京十月文艺出版社,http://product.dangdang.com/29199440.html
34,最温柔的教养（130则实用亲子用语范例，治愈童年的自己，温暖孩子的一生）,吴恩瑛,29.50,中信出版社,http://product.dangdang.com/29295409.html
35,置身事内：中国政府与经济发展（罗永浩、罗振宇、何帆、刘格菘、张军、周黎安、王烁联袂推荐，复旦经院毕业课）,兰小欢,32.50,上海人民出版社,http://product.dangdang.com/29281158.html
36,理想国（2020全译本，西方哲学的源头，清华大学、北京大学图书馆借阅榜首位）,柏拉图,53.20,民主与建设出版社,http://product.dangdang.com/28973100.html
37,男孩百科--优秀男孩的学习妙招,彭凡,16.70,化学工业出版社,http://product.dangdang.com/24059881.html
38,心灵教科书绘本系列：西兰花先生的理发店（教会孩子：敢于打破常规思维，培养创新意识）丁虹绘本馆出品[3-6岁],福田纯子,23.30,海豚出版社,http://product.dangdang.com/29167684.html
39,消失的13级台阶（罗翔推荐！荣获日本推理小说至高荣誉江户川乱步奖！是否值得为一场痛快的复仇，陪葬掉自己的人生？）,高野和明,21.00,上海文艺出版社,http://product.dangdang.com/28542693.html
40,神奇校车・桥梁书版（全20册）,乔安娜柯尔,75.00,贵州人民出版社,http://product.dangdang.com/23444350.html
41,橘子不是唯一的水果,珍妮特・温特森,24.50,北京联合出版有限公司,http://product.dangdang.com/25233927.html
42,正面管教(修订版),简・尼尔森,19.00,北京联合出版公司,http://product.dangdang.com/23990140.html
43,不爱说话的十一岁・纽伯瑞儿童文学奖金奖（写尽8~12岁孩子的心事！孩子到了有心事的年纪，只需要倾听、倾听和倾听）,艾琳.恩瑞达.凯莉,17.90,文汇出版社,http://product.dangdang.com/28554400.html
44,100层的房子系列（全4册，《100层的房子》+《地下100层的房子》+《海底100层的房子》+《天空100层的房子》）,岩井俊雄,78.00,北京科学技术出版社,http://product.dangdang.com/26916076.html
45,房思琪的初恋乐园 （豆瓣9.2高分！数百万读者强烈共鸣的文学绝唱）,林奕含,40.00,北京联合出版有限公司,http://product.dangdang.com/25208978.html
46,悉达多（译者姜乙翻译）【果麦经典】,赫尔曼・黑塞,16.00,天津人民出版社,http://product.dangdang.com/26186058.html
47,孩子读得懂的山海经（共3册）神话+神兽+异人国,兰梦醒,94.50,北京理工大学出版社,http://product.dangdang.com/29152264.html
48,皮特猫・3~6岁好性格养成书：第一辑（共6册）（乐观、积极、开朗……荣获19项大奖的好性格榜样，在美国家喻户晓）,艾瑞克・利温,69.90,文汇出版社,http://product.dangdang.com/25298374.html
49,如何停止胡思乱想（告别精神内耗，成为一个快乐的人）,卡罗尔・克肖,27.50,上海交通大学出版社,http://product.dangdang.com/29371434.html
50,和爸妈游中国 给孩子的手绘中国地理绘本,黄宇,40.00,明天出版社,http://product.dangdang.com/27940176.html
51,大宇宙  和爸妈游太空  给孩子的手绘天文绘本,马劲,67.90,北京联合出版有限公司,http://product.dangdang.com/28526631.html
52,人间值得（90岁心理医生恒子奶奶写给生活的哲思小书。十点读书、《读者》2019年度“十大影响力好书”、人民日报力荐2020新年书单。）,中村恒子,24.90,北京日报出版社,http://product.dangdang.com/27931206.html
53,语言表达第一课（全4册）,五味太郎,54.00,贵州人民出版社,http://product.dangdang.com/28536143.html
54,底层逻辑：看清这个世界的底牌,刘润,69.00,机械工业出版社,http://product.dangdang.com/29306753.html
55,小羊上山儿童汉语分级读物第1级（10册套装）,孙蓓,69.00,人民邮电出版社,http://product.dangdang.com/29140217.html
56,小熊和最好的爸爸（全7册）,阿兰德・丹姆,17.50,贵州人民出版社,http://product.dangdang.com/20039611.html
57,在细雨中呼喊（精装版）,余华,27.20,北京十月文艺出版社,http://product.dangdang.com/25263398.html
58,人生没什么不可放下：弘一法师的人生智慧（弘一法师彻悟一生的人生真谛，帮你重遇未知的自己，逆袭人生！）,宋默,16.40,团结出版社,http://product.dangdang.com/23394853.html
59,平凡的世界：全三册（全新2021版，茅盾文学奖获奖作品，激励青年的不朽经典）,路遥,98.00,北京十月文艺出版社,http://product.dangdang.com/29253544.html
60,乌合之众 : 大众心理研究（群体心理学创始人古斯塔夫・勒庞代表作之一。极简翻译文风，语言深入浅出，减少艰深晦涩）,古斯塔夫・勒庞,10.10,民主与建设出版社,http://product.dangdang.com/25246609.html
61,不能不懂的编程 我是学霸 给孩子的创新编程启蒙绘本,项华,39.00,北京联合出版有限公司,http://product.dangdang.com/29281295.html
62,圆圈正义,罗翔,30.00,中国法制出版社,http://product.dangdang.com/27925275.html
63,非暴力沟通（修订版）,马歇尔,48.10,华夏出版社,http://product.dangdang.com/29302272.html
64,云边有个小卖部（陆定昊诚挚推荐，随书附赠云边镇四季明信片和张嘉佳作词单曲彩蛋）,张嘉佳,28.70,湖南文艺出版社,http://product.dangdang.com/25295369.html
65,作家榜经典：月亮与六便士（全新未删节插图珍藏版！毛姆写给年轻人的梦想之书！满地都是六便士，他却抬头看见了月亮！）,毛姆,16.80,浙江文艺出版社,http://product.dangdang.com/24175371.html
66,莫言的奇奇怪怪故事集（或许只有莫言这么大的脑洞，才能带你去人性深幽处探险！诺奖得主莫言作品！莫言亲自参与编选）,莫言,29.90,江苏凤凰文艺出版社,http://product.dangdang.com/29379159.html
67,夏天、烟火和我的尸体（张震、田�D推荐。乙一16岁惊世成名作，高口碑暗黑杰作，获第6届JUMP小说大奖）,乙一,22.50,南海出版公司,http://product.dangdang.com/27941986.html
68,五味太郎：小金鱼逃走了,五味太郎,20.60,新星出版社,http://product.dangdang.com/25069499.html
69,时间从来不语，却回答了所有问题（文学大师季羡林百岁人生的智慧精粹，未来不足惧，过往不须泣，只有时间才懂人心。）,季羡林,27.50,百花洲文艺出版社,http://product.dangdang.com/29328156.html
70,生命在于静止-有趣动物的冷知识（热销日本的趣萌动物科普）,麻生羽��,22.50,湖南文艺出版社,http://product.dangdang.com/28518368.html
71,一间只属于自己的房间（李银河、杨澜推荐；女性主义奠基作品；随书赠送6张明信片）,弗吉尼亚・伍尔夫,22.50,天津人民出版社,http://product.dangdang.com/27949262.html
72,世界尽头的咖啡馆（做决定前读一遍，少走弯路！美国57所高校指定研讨读物）,约翰・史崔勒基,22.50,天津人民出版社,http://product.dangdang.com/27869614.html
73,大语文那些事儿（全6册）大语文时代，得语文者得天下。字词、作文、阅读、古诗、古文一网打尽。,赵旭,90.00,北京理工大学出版社,http://product.dangdang.com/29194673.html
74,少年读山海经（地理+神话+怪兽+奇闻+古文，套装 全3册 ）,刘兴诗,50.00,青岛出版社,http://product.dangdang.com/29311502.html
75,疯狂的化学 我是学霸 给孩子的趣味化学启蒙绘本,郭元婕,9.50,北京联合出版有限公司,http://product.dangdang.com/29335624.html
76,手绢上的花田（日本童话作家安房直子的代表作，走进不可思议的幻想世界，培养非凡的想象力和感受力，给孩子润物无声的美善教育）,安房直子,14.70,接力出版社,http://product.dangdang.com/29297811.html
77,悉达多（诺贝尔文学奖得主赫尔曼・黑塞的代表作，德文直译，原版呈现。）,赫尔曼・黑塞,47.30,民主与建设出版社,http://product.dangdang.com/29173387.html
78,罪与罚（“俄罗斯文学天才”陀思妥耶夫斯基成名之作，人能从洁白里拷打出罪恶，也能从罪恶中拷打出洁白）,陀思妥耶夫斯基,55.10,台海出版社,http://product.dangdang.com/29138984.html
79,半小时漫画中国史1-5（全5册）（中国史大结局！笑着笑着，大清就亡了！漫画科普开创者混子哥陈磊新作！）,陈磊,109.70,海南出版社,http://product.dangdang.com/29165521.html
80,曹文轩文集典藏版（全7册）,曹文轩,58.80,天天出版社有限责任公司,http://product.dangdang.com/23323691.html
81,山茶文具店（陆定昊诚挚推荐，日本畅销作家小川糸备受好评暖心之作）,小川糸,24.90,湖南文艺出版社,http://product.dangdang.com/25238317.html
82,逻辑表达力:说话缜密有趣，一句顶一万句,刘琳,19.90,古吴轩出版社,http://product.dangdang.com/27951136.html
83,我们的身体,艾德兰,60.40,未来出版社,http://product.dangdang.com/23946177.html
84,认知觉醒：开启自我改变的原动力,周岭,27.00,人民邮电出版社,http://product.dangdang.com/29119834.html
85,如何说孩子才会听 怎么听孩子才肯说（全新修订版，涂磊推荐）,玛兹丽施,16.30,中央编译出版社,http://product.dangdang.com/24044642.html
86,这世界很好，但你也不差（打破满意度低幸福感差，这世界真叫人疲倦的死循环。万特特全新作品，《这世界很烦，但你要很可爱》姊妹篇）,万特特,23.30,新世界出版社,http://product.dangdang.com/29272806.html
87,我不敢说，我怕被骂――邓超微博推荐的绘本 带给孩子更多勇气和自信的绘本！,皮姆,19.90,北京联合出版公司,http://product.dangdang.com/27942695.html
88,毛泽东选集（全四册，32开）,毛泽东,75.30,人民出版社,http://product.dangdang.com/23413230.html
89,丰子恺万般滋味，都是生活,丰子恺,21.00,华中科技大学出版社,http://product.dangdang.com/25308985.html
90,走遍世界 图说天下 寻梦之旅,王秀莉,22.60,四川人民出版社,http://product.dangdang.com/29174191.html
91,文化苦旅（余秋雨定稿版 ，作者直接授权，逐字修订！ ）,余秋雨,26.00,北京联合出版有限公司,http://product.dangdang.com/28541326.html
92,歪歪兔逆商教育系列图画书合集全20册（儿童情绪与行为引导培养，逆商培养挫折教育，歪歪兔童书馆出品）,歪歪兔关键期早教项目组,62.40,海豚出版社,http://product.dangdang.com/29277061.html
93,青铜葵花正版曹文轩纯美小说7-8-9-10-12岁草房子系列儿童文学校园青少年版四五六年级下册小学生课外阅读书籍全套原版完整版,曹文轩,15.80,江苏少年儿童出版社,http://product.dangdang.com/23949032.html
94,世界上最棒的礼物――图画中隐藏无数细节，让小小孩玩过瘾！,赖马,22.90,北京联合出版有限公司,http://product.dangdang.com/27909397.html
95,学会管自己幼儿版-歪歪兔自控力教育系列绘本（全10册，幼儿园情绪管理与时间管理绘本）,歪歪兔关键期早教项目组,34.30,海豚出版社,http://product.dangdang.com/25083136.html
96,沉默的大多数（爱智慧、爱自由、反对愚蠢，读王小波的“上头之选”！依据王小波手稿、生前定稿修订多年讹误，SHOU度以读者视角排定蕞佳阅读顺序。）,王小波,29.50,北京十月文艺出版社,http://product.dangdang.com/29176568.html
97,一九八四（又译“1984”。奥威尔代表作，反乌托邦杰作之一）,乔治・奥威尔,15.00,时代文艺出版社,http://product.dangdang.com/25215594.html
98,我爸爸+我妈妈（全2册）――清华附小推荐经典儿童绘本 ！（启发童书馆出品）,安东尼,39.80,河北教育出版社,http://product.dangdang.com/27913770.html
99,这世界很烦，但你要很可爱 专享版（只要你可爱，这个世界也会变得可爱）,杨红,23.00,水利水电出版社,http://product.dangdang.com/29347383.html
100,沉思录,马可.奥勒留,10.00,中央编译出版社,http://product.dangdang.com/20086549.html
101,少年读徐霞客游记（游中国・地理启蒙，全3册）,刘兴诗,50.00,青岛出版社,http://product.dangdang.com/29122655.html
102,红岩,罗广斌,22.70,中国青年出版社,http://product.dangdang.com/25167661.html
103,曹文轩文集-青铜葵花,曹文轩,8.60,天天出版社有限责任公司,http://product.dangdang.com/22506352.html
104,彩虹色的花,麦克,23.00,二十一世纪出版社,http://product.dangdang.com/25311931.html
105,"高效能人士的七个习惯（30周年纪念版）（全新增订版）（新增《纽约时报》畅销肖恩・柯维全新观点,管理大师吉姆・柯林斯作序）",史蒂芬・柯维,43.40,中国青年出版社,http://product.dangdang.com/28979183.html
106,望江南（你一句春不晚，我就到了真江南。茅奖得主王旭烽，沉潜26年，最新长篇小说力作。）,王旭烽,34.00,浙江文艺出版社,http://product.dangdang.com/29367830.html
107,人间失格（日本小说家太宰治代表作，一个对村上春树影响至深的绝望凄美故事）,太宰治,10.10,作家出版社,http://product.dangdang.com/23761145.html
108,世界博物馆奇妙之旅（全5册，为孩子打造的博物通识启蒙绘本，世界文明的纸上艺术之路）,徐晓燕,42.10,浙江教育出版社,http://product.dangdang.com/27907881.html
109,午夜降临前抵达（李健、梁文道、麦家、许知远、俞敏洪推荐，不能出远门的日子，你需要一本旅行文学，附赠精美路线图）,刘子超,40.70,文汇出版社,http://product.dangdang.com/29276881.html
110,果麦经典：了凡四训（“我命由我不由天！”曾国藩、胡适、稻盛和夫推崇的生活方式手册；费勇教授精美译文）,袁了凡,16.00,三秦出版社,http://product.dangdang.com/25157989.html
111,追风筝的人（李雪琴、高圆圆动情推荐，《纽约时报》畅销书榜上榜超100周）,卡勒德・胡赛尼,22.50,上海人民出版社,http://product.dangdang.com/29211508.html
112,那个不为人知的故事,Twentine,21.00,四川文艺出版社,http://product.dangdang.com/29124262.html
113,刀锋（毛姆经典哲思之作，苏州大学方华文教授全新修订&详细注释本）,毛姆,14.80,时代文艺出版社,http://product.dangdang.com/25273833.html
114,围城,钱钟书,23.00,人民文学出版社,http://product.dangdang.com/22819334.html
115,米小圈上学记一年级（套装共4册）,北猫,46.00,四川少年儿童出版社,http://product.dangdang.com/25261327.html
116,沟通的方法（畅销50万册 得到CEO脱不花为你准备的沟通心法，助你职场一路开挂。现在加入沟通的无限游戏吧）,脱不花,49.00,新星出版社,http://product.dangdang.com/29251809.html
117,也许你该找个人聊聊（入选2021豆瓣受关注图书榜、新京报年度阅读推荐榜；心理学泰斗欧文・亚隆推荐，心理学家李松蔚审校并作序）,洛莉・戈特利布,34.00,上海文化出版社,http://product.dangdang.com/29262795.html
118,不可思议的文明奇迹 涵盖历史地理多学科领域 精装版,郭子林,37.50,石油工业出版社,http://product.dangdang.com/29346297.html
119,皮囊（400万册纪念版，直面人生的难题，刻在骨头里的故事，容纳一个个既失去家乡又未到达远方的生命）,蔡崇达,24.90,天津人民出版社,http://product.dangdang.com/27872661.html
120,信谊世界精选图画书-猜猜我有多爱你,山姆・麦克布雷尼,21.90,明天出版社,http://product.dangdang.com/29132118.html
121,真希望我父母读过这本书,菲莉帕・佩里,24.00,中信出版社,http://product.dangdang.com/28997946.html
122,心理抚养,李玫瑾,23.40,上海三联书店,http://product.dangdang.com/29249369.html
123,亲密关系：通往灵魂的桥梁（新版）：杨天真推荐，这本书告诉我们如何穿透自我障碍，用爱酿造幸福秘方,克里斯多福・孟,24.70,湖南文艺出版社,http://product.dangdang.com/26490676.html
124,一间自己的房间（磨铁经典/伍尔夫：女性一定要有钱，要有自己的房间）,弗吉尼亚・伍尔夫,21.00,浙江教育出版社,http://product.dangdang.com/29368075.html
125,人生哲思录（全新修订版）,周国平,39.60,北京十月文艺出版社,http://product.dangdang.com/27925392.html
126,奥特曼系列 视觉志:55周年纪念,上海新创华文化发展有限公司,49.00,安徽少年儿童出版社,http://product.dangdang.com/29342961.html
127,银火箭少年科幻系列・第1辑（8册。“雨果奖”得主、三体作者刘慈欣主编，套装内作者作品曾获银河奖特等奖等多项国际大奖）,刘慈欣,99.80,浙江教育出版社,http://product.dangdang.com/25259302.html
128,不一样的卡梅拉手绘本（1-12册）,克利斯提昂,60.00,２１世纪出版社,http://product.dangdang.com/23257828.html
129,宫西达也恐龙系列全套7册（你看起来好像很好吃+我是霸王龙等）,宫西达也,63.00,２１世纪出版社,http://product.dangdang.com/24079906.html
130,许三观卖血记（2017精装典藏版，增录新版自序）,余华,27.20,北京十月文艺出版社,http://product.dangdang.com/25165143.html
131,理想国（商务印书馆汉译名著权威全译本，精装典藏版）,柏拉图,34.00,商务印书馆,http://product.dangdang.com/28989328.html
132,明朝那些事儿增补版.全集,当年明月,393.00,北京联合出版有限公司,http://product.dangdang.com/29296796.html
133,小熊宝宝绘本（简装全15册）蒲蒲兰经典绘本！新手妈妈的育儿宝典！(0-3岁),佐佐木洋子,48.00,新世纪出版社,http://product.dangdang.com/25289538.html
134,霍乱时期的爱情（《百年孤独》作者马尔克斯传世巨著，展示爱情的所有可能）,哥伦比亚,49.60,南海出版公司,http://product.dangdang.com/28522850.html
135,手不是用来打人的（儿童好品德系列，全5册）孩子多读就见效的习惯养成书，缓解新手爸妈育儿焦虑，王志庚、孙莉莉、朱爱朝推荐,伊丽莎白・弗迪克,49.50,贵州教育出版社,http://product.dangdang.com/25284537.html
136,窗边的小豆豆(2018版),黑柳彻子,27.20,南海出版公司,http://product.dangdang.com/25272786.html
137,沧浪之水（某瓣8.5分，入围茅盾文学奖。职场小白、考公人的启蒙之书。胡军、于和伟主演电视剧岁月原著。2021版）,阎真,22.10,北京十月文艺出版社,http://product.dangdang.com/29270902.html
138,别想太多啦：在复杂的世界里，做一个简单的人（情绪疗愈指南，随手翻开，就能获得舍离烦恼的勇气。）,名取芳彦,24.90,天津人民出版社,http://product.dangdang.com/29201117.html
139,愿你慢慢长大（与刘瑜、周国平、冯唐等名家一起开始一场温柔的教养旅程，聊一聊关于教养的真心话，感受孩子成长的真实意义。）,刘瑜,20.30,北京联合出版有限公司,http://product.dangdang.com/25193588.html
140,如果历史是一群喵9・五代十国篇,肥志,29.90,广东旅游出版社,http://product.dangdang.com/29325171.html
141,刻意练习：如何从新手到大师,安德斯・艾利克森,59.00,机械工业出版社,http://product.dangdang.com/29233018.html
142,神奇校车・图画书版（全12册，新增科学博览会1册）,乔安娜柯尔,108.90,贵州人民出版社,http://product.dangdang.com/25252408.html
143,小英雄雨来 （读经典，悼念不朽的少年英雄，传承红色爱国思想。新版本，手绘精美插图）,管桦,13.10,辽宁少年儿童出版社,http://product.dangdang.com/27869317.html
144,趣说中国史：如果把中国422位皇帝放在一个群里，他们会聊些什么？,趣哥,24.90,台海出版社,http://product.dangdang.com/29151341.html
145,外婆的道歉信（外婆说，要大笑要做梦要与众不同。人生是一场伟大的冒险。销量突破100万册。随书附赠一封神秘道歉信）,弗雷德里克・巴克曼,21.00,天津人民出版社,http://product.dangdang.com/25072421.html
146,美国儿科学会育儿百科（第7版）,塔尼娅・奥尔特曼,64.80,北京科学技术出版社,http://product.dangdang.com/29133667.html
147,流浪的地球（《三体》作者刘慈欣绚丽想象力之作，关乎人类命运共同体的科幻遐想，大人孩子均可阅读。),刘慈欣,14.20,浙江教育出版社,http://product.dangdang.com/25259300.html
148,理想国,柏拉图,17.50,中国华侨出版社,http://product.dangdang.com/22765017.html
149,早起的奇迹,哈尔・埃尔罗德,19.90,广东人民出版社,http://product.dangdang.com/25229707.html
150,梅格时空大冒险・7~14岁儿童文学科幻经典（全5册）银河的裂缝 等5册儿童文学史上家喻户晓、不可逾越的经典,马德琳・英格,108.40,文汇出版社,http://product.dangdang.com/25099944.html
151,大侦探福尔摩斯（第1辑）（全6册）,柯南・道尔,55.00,湖北教育出版社,http://product.dangdang.com/25224595.html
152,半小时漫画论语（孔子原来这么爱吐槽！看孔子和弟子们卖萌吐槽，人生哲理全学到！混子哥陈磊新作！）,陈磊・半小时漫画团队,29.90,文汇出版社,http://product.dangdang.com/29308991.html
153,父母的语言：3000万词汇塑造更强大的学习型大脑,达娜・萨斯金德,59.00,机械工业出版社,http://product.dangdang.com/29252406.html
154,边城（沈从文代表作）,沈从文,15.70,中国友谊出版公司,http://product.dangdang.com/26922459.html
155,暖萌科学绘本 和爸妈去旅行,黄宇,21.70,北京联合出版有限公司,http://product.dangdang.com/25272807.html
156,米小圈脑筋急转弯（第一辑）（套装共4册）,北猫,30.70,四川少年儿童出版社,http://product.dangdang.com/23878838.html
157,和爸爸一起科学启蒙绘本（全8册+66个彩蛋，歪歪兔出品）,关航,58.50,海豚出版社,http://product.dangdang.com/29309637.html
158,人类群星闪耀时（无删减全译本。《一个陌生女人的来信》作者茨威格的传记杰作，14位时代英雄，14个人类命运攸关的历史时刻）,斯蒂芬・茨威格,10.80,时代文艺出版社,http://product.dangdang.com/25215595.html
159,秋园（女性版《活着》，80岁素人作家不朽名篇，横扫国内十二项文学大奖）,杨本芬,19.00,北京联合出版有限公司,http://product.dangdang.com/28535816.html
160,漫画历史线 轻松学古文1-5（套装共5册）,戴建业,137.50,黑龙江美术出版社,http://product.dangdang.com/29222896.html
161,放学后（东野圭吾成名作）,东野圭吾,22.50,南海出版公司,http://product.dangdang.com/25154615.html
162,丰乳肥臀（莫言用情极深的长篇代表作，女性苦难史）,莫言,34.50,浙江文艺出版社,http://product.dangdang.com/28531227.html
163,苏东坡传（林语堂纪念典藏精装版）,林语堂,26.00,湖南文艺出版社,http://product.dangdang.com/25211578.html
164,全球最美的100个地方 图说天下 国家地理,图说天下.国家地理,7.70,北京联合出版公司,http://product.dangdang.com/22790547.html
165,枪炮、病菌与钢铁（赠解读册）,贾雷德・戴蒙德,59.00,中信出版社,http://product.dangdang.com/29351602.html
166,大熊先生盖房子（澳大利亚青少年图书奖获奖作家、加拿大总督奖获奖绘者联袂打造）,珍・戈德温,17.60,中译出版社,http://product.dangdang.com/25183398.html
167,菜根谭：中国人“处世三大奇书”之一，全新插画未删减珍藏版,洪应明,19.80,古吴轩出版社,http://product.dangdang.com/28995535.html
168,人间词话（王国维先生的代表作，近代较富盛名的词话著作）,王国维,14.00,北京联合出版公司,http://product.dangdang.com/23715237.html
169,生命的重建（心灵导师路易丝.海的成名代表作，献给你的改变生命之书。《纽约时报》畅销书排行榜50周第1名，译成25种文字！）,露易丝・海,13.40,中国宇航出版社,http://product.dangdang.com/20104118.html
170,茅盾文学奖获奖作品：人世间（第十届茅盾文学奖获奖作品，雷佳音、辛柏青、宋佳、殷桃、萨日娜、宋春丽、张凯丽等主演）,梁晓声,154.70,中国青年出版社,http://product.dangdang.com/25207583.html
171,面纱（50岁时毛姆写下这个近乎完美的爱情故事，因为每个人都在故事中找到了自己）,毛姆,19.90,江西人民出版社,http://product.dangdang.com/23950046.html
172,孩子，为你自己读书,于丽,9.90,吉林文史出版社,http://product.dangdang.com/29342103.html
173,小狗钱钱（附赠免费亲子财商课+理财秘籍思维导图）,博多・舍费尔,19.90,中信出版社,http://product.dangdang.com/29177871.html
174,月亮与六便士（精装典藏版，未删节全译+详细详注+12幅高更画作+14幅毛姆照片）,毛姆,21.20,时代文艺出版社,http://product.dangdang.com/27874293.html
175,万历十五年 一本好书 腾讯视频栏目推荐,黄仁宇,14.30,生活.读书.新知三联书店,http://product.dangdang.com/23445575.html
176,大多数人（以娓娓道来的方式带孩子看世界，关注美好，引导孩子做世界里的光。2017金月光儿童图书奖，唐・弗里曼纪念奖得主倾情绘制。）,迈克尔・莱纳,15.80,湖南美术出版社,http://product.dangdang.com/28977903.html
177,小学生思维方式漫画（用前人的经验优化自己的思维模式，让学习和成长事半功倍。全2册。歪歪兔童书馆出品）,歪歪兔童书馆,50.00,海豚出版社,http://product.dangdang.com/29354224.html
178,人类群星闪耀时（译自德国原版《人类群星闪耀时》！14篇无删减全译本！全新精装插图珍藏！作家榜出品）,斯蒂芬・茨威格,34.50,浙江文艺出版社,http://product.dangdang.com/29317908.html
179,博物馆寻宝记 藏在国宝中的文物简史 精装版,王露,37.50,石油工业出版社,http://product.dangdang.com/29346298.html
180,在峡江的转弯处：陈行甲人生笔记（南方周末、万圣书园2021十大好书）(新旧版随机发货),陈行甲,24.00,人民日报出版社,http://product.dangdang.com/29180001.html
181,红楼梦原著版（上、下册，全两册，全本120回）（团购电话:400-1066666转6）,曹雪芹,39.00,人民文学出版社,http://product.dangdang.com/102771.html
182,花婆婆――清华附小推荐的经典绘本！美国国家图书奖作品！,芭芭拉库尼,19.90,河北教育出版社,http://product.dangdang.com/28479620.html
183,写给儿童的中国历史（中国孩子的历史启蒙，真正写给孩子看的中国通史，全彩铜版14册）,陈卫平,138.40,新世界出版社,http://product.dangdang.com/23427436.html
184,海奥华预言中文版（米歇戴斯玛克特讲述地球人外星游记外观地球内视生命灵性预言性科幻小说作家出版社）,米歇・戴斯玛克特,19.50,作家出版社,http://product.dangdang.com/25322131.html
185,病毒细菌小百科 1分钟儿童小百科,介于童书,39.00,江苏凤凰科学技术出版社,http://product.dangdang.com/29235822.html
186,拼音真好玩（全彩6册）（从幼小衔接到一年级，拼音学习启蒙书，附赠超实用拼音全表） 小猛犸童书出品,周霞,38.60,电子工业出版社,http://product.dangdang.com/25352309.html
187,我们仨（新版）,杨绛,21.00,生活.读书.新知三联书店,http://product.dangdang.com/25284154.html
188,十二生肖的故事――首届丰子恺儿童图画书奖得主  赖马作品！,赖马,22.90,河北教育出版社,http://product.dangdang.com/28519501.html
189,钝感力（渡边淳一经典励志大作！央视新闻、《奇葩说》鼎力推荐，马东、蔡康永、杨天真、王俊凯推荐书目。写给易因小事敏感，什么都往心里去的人。),渡边淳一,16.00,青岛出版社,http://product.dangdang.com/25201859.html
190,养育你内心的小孩（你缺少的从来不是方法，而是底气。与其向外寻求和解，不如陪你内心的小孩长大！）,丛非从,24.90,万卷出版公司,http://product.dangdang.com/29357502.html
191,活出心花怒放的人生,彭凯平,39.30,中信出版社,http://product.dangdang.com/28981770.html
192,古文观止（上下册，原文+导读+注释+翻译，特别适合青少年）,吴楚材,24.40,浙江教育出版社,http://product.dangdang.com/24021172.html
193,米小圈上学记二年级（套装共4册）,北猫,50.00,四川少年儿童出版社,http://product.dangdang.com/25261323.html
194,断舍离（2019新版，全新修订50%以上内容）宫崎骏、张德芬、李冰冰的减法哲学,山下英子,22.50,湖南文艺出版社,http://product.dangdang.com/26482259.html
195,双城记（狄更斯经典代表作，逝世150周年纪念版！翻译泰斗宋兆霖权威译本。）,查尔斯・狄更斯,47.30,台海出版社,http://product.dangdang.com/28990834.html
196,养育男孩（典藏版）,史蒂夫・比达尔夫,18.90,中信出版社,http://product.dangdang.com/27922796.html
197,沈从文：到日光下去生活（今天也要好好过。到日光下去，去找到你的甜。沈从文先生诞辰120周年全彩纪念版！一本书阅尽沈从文作品精华。汪曾祺、季羡林、贾平凹、曹文轩、董卿等极力推崇。）,沈从文,20.20,中国致公出版社,http://product.dangdang.com/29278002.html
198,钱穆谈中国历史文化：中国历史精神,钱穆,12.70,贵州人民出版社,http://product.dangdang.com/27874588.html
199,斯凯瑞金色童书・益智经典（百年诞辰纪念版，全4册）（原斯凯瑞金色童书・第一辑）,理查德・斯凯瑞,53.90,贵州人民出版社,http://product.dangdang.com/27852072.html
200,我喜欢自己――邓超微博推荐的绘本 带给孩子更多勇气和自信的绘本！,卡尔森,17.90,河北教育出版社,http://product.dangdang.com/27942697.html
201,她来了请准备（月经来了，你准备好了吗？）,优米・斯泰恩斯,34.80,海豚出版社,http://product.dangdang.com/29318001.html
202,果麦经典：人类群星闪耀时（小米之父雷军、易中天、冯唐推荐！茨威格名作，十四篇历史特写：当改变命运的时刻降临，犹豫就会败北！),斯蒂芬・茨威格,24.50,上海文艺出版社,http://product.dangdang.com/27892638.html
203,第七天（2018版）,余华,27.20,新星出版社,http://product.dangdang.com/25314250.html
204,阅读是一座随身携带的避难所（罗翔推荐版本。“阅读应该是愉悦的，怎么思考就有怎么样的人生”。）,毛姆,21.00,江西人民出版社,http://product.dangdang.com/28985457.html
205,悲惨世界（法国大文豪雨果“命运三部曲”之一，未删节全译版）,维克多・雨果,41.40,作家出版社,http://product.dangdang.com/23979386.html
206,了不起的我：自我发展的心理学（陈海贤重磅新作，得到付费用户亲测有效 ）,陈海贤,49.00,台海出版社,http://product.dangdang.com/28469677.html
207,神奇点心店（1-4）（欢迎光临钱天堂，“儿童版解忧杂货店”开张了！),广岛玲子,56.00,北京科学技术出版社,http://product.dangdang.com/29331299.html
208,我与地坛（纪念版）,史铁生,14.50,人民文学出版社,http://product.dangdang.com/21055821.html
209,人生（2021版，茅盾文学奖得主路遥代表作，激励万千读者，堪称《平凡的世界》序篇））,路遥,27.20,北京十月文艺出版社,http://product.dangdang.com/29267111.html
210,小鸡球球触感玩具书:全5册（升级点读版，纸板书、触摸发声书、翻翻书、洞洞书）,作绘者,126.70,新星出版社,http://product.dangdang.com/29353542.html
211,下雨的书店（全4册）,日向理惠子,78.40,新星出版社,http://product.dangdang.com/29271454.html
212,罪与罚（刑法学罗翔老师推荐版本，用爱和生活去对抗痛苦！）【果麦经典】,陀思妥耶夫斯基,34.00,浙江文艺出版社,http://product.dangdang.com/26490763.html
213,我爱天下一切狗 季羡林散文集（爱尽万物，自在不言。）,季羡林,19.60,光明日报出版社,http://product.dangdang.com/28964398.html
214,青铜葵花（精装典藏版）,曹文轩,19.10,天天出版社有限责任公司,http://product.dangdang.com/26908352.html
215,我的第一本地理启蒙书,郑利强,19.40,新世界出版社,http://product.dangdang.com/23967348.html
216,海蒂怀孕大百科（全新第5版，  百万育儿大V大J小D、年糕妈妈推荐！）,海蒂・麦考夫,32.20,南海出版公司,http://product.dangdang.com/27380294.html
217,少有人走的路：心智成熟的旅程（白金升级版）,M.斯科特・派克,23.10,北京联合出版有限公司,http://product.dangdang.com/29139774.html
218,四五快读 全彩图升级版――幼儿快速识字阅读法（全8册）(让孩子爱上阅读 快乐识字)[精选套装],杨其铎,116.20,湖南科技出版社,http://product.dangdang.com/22745425.html
219,月亮和六便士（毛姆代表作之一，全新导读+无删节详注版）,毛姆,12.70,时代文艺出版社,http://product.dangdang.com/25126128.html
220,秘密（经典身心灵励志读物，为人生带来喜悦转变的能量之书，“吸引力法则”三部曲扛鼎之作。）,朗达・拜恩,28.00,湖南文艺出版社,http://product.dangdang.com/25257727.html
221,幼儿学古诗（绘本版，全2册）,中国教育科学研究院学前教育研究中心,49.00,教育科学出版社有限公司,http://product.dangdang.com/27941877.html
222,大话西方艺术史（句句有梗的极简艺术史！艺术自媒体意外艺术，八年积累诚意之作！轻松入门，提高审美）,意公子,39.00,海南出版社,http://product.dangdang.com/28516328.html
223,我有友情要出租（拼音版）,方素珍,9.00,新疆青少年出版社,http://product.dangdang.com/25084833.html
224,"西西弗神话（诺贝尔文学奖得主,加缪的荒诞哲学代表作)",阿尔贝・加缪,47.30,民主与建设出版社,http://product.dangdang.com/29134555.html
225,晚熟的人（莫言新书）,莫言,29.20,人民文学出版社,http://product.dangdang.com/28994936.html
226,男孩百科--优秀男孩的自控妙方,彭凡,16.70,化学工业出版社,http://product.dangdang.com/24059878.html
227,秘密 （日本读者票选东野作品第 2名，仅次于《白夜行》）,东野圭吾,22.50,南海出版公司,http://product.dangdang.com/25172573.html
228,汀南丝雨【限量亲签版】,狄戈,29.80,台海出版社,http://product.dangdang.com/29338946.html
229,亲爱的小孩 牵你小手看世界,乌恩,58.70,北京联合出版有限公司,http://product.dangdang.com/29117674.html
230,俗世奇人（全三册）冯骥才“俗世奇人系列”全部作品54篇入选中小学生阅读指导目录,冯骥才,31.00,作家出版社,http://product.dangdang.com/28526002.html
231,被欺负了，可以打回去吗（解决父母的世纪难题，告诉孩子被欺负了该怎么办，小杨叔叔送给3-6岁孩子的冲突教育绘本）,小杨叔叔,19.00,新世界出版社,http://product.dangdang.com/29265559.html
232,他在云之南（人气作家景行燃情悬爱力作！随书附赠“追光”书签。）,景行,19.90,百花文艺出版社,http://product.dangdang.com/28541672.html
233,看你一眼就会笑（Buddy Gator盖朵短尾鳄漫画暖心上市，当当专享作者寄语签名版+异形卡通书签）,丘汉林,24.90,湖南文艺出版社,http://product.dangdang.com/29273151.html
234,《素书》大成智慧,兰彦岭,29.90,北京联合出版有限公司,http://product.dangdang.com/29201565.html
235,几米作品系列：我的错都是大人的错,几米,29.00,现代出版社,http://product.dangdang.com/29118503.html
236,作家榜经典：老人与海（全新未删节插图精装版！海明威作品！人可以被毁灭，但不能被打败！读经典名著，认准作家榜！）,海明威,16.90,浙江文艺出版社,http://product.dangdang.com/24183943.html
237,中华人民共和国民法典(32开压纹烫金版 附草案说明)2021年1月起正式施行  团购电话：4001066666转6,法律出版社,7.20,法律出版社,http://product.dangdang.com/28553129.html
238,复活（精装大开本，托尔斯泰三部曲之一，草婴翻译，无删节全译本）,列夫・托尔斯泰,34.30,时代文艺出版社,http://product.dangdang.com/28473429.html
239,给男孩的情绪管理绘本（套装全5册）,乐凡,35.10,青岛出版社,http://product.dangdang.com/29206161.html
240,这就是物理（函套10册）,约瑟夫・米森,89.00,北京理工大学出版社,http://product.dangdang.com/27909879.html
241,你就是孩子最好的玩具樊登导读 樊登博士的育儿成功之道，五步情感引导法，奠定父母与孩子一生的亲密关系。百万中国妈妈五星好评！,金伯莉・布雷恩,23.00,南方出版社,http://product.dangdang.com/29239973.html
242,外婆出租中,丽芙・阿巴思诺特,21.00,四川文艺出版社,http://product.dangdang.com/29276874.html
243,活法,稻盛和夫,22.80,东方出版社,http://product.dangdang.com/28481444.html
244,学会爱自己（防性侵，安全意识、行为习惯培养绘本，套装全14册）李佳琦直播推荐,珊蒂克雷文,96.00,青岛出版社,http://product.dangdang.com/23851466.html
245,小羊上山儿童汉语分级读物第2级（10册套装）,孙蓓,69.00,人民邮电出版社,http://product.dangdang.com/29140216.html
246,小巴掌童话注音版8册百篇张秋生著 小学生课外读本,张秋生,38.60,山东科学技术出版社,http://product.dangdang.com/25309478.html
247,大中华寻宝系列28 黑龙江寻宝记,孙家裕,22.75,二十一世纪出版社,http://product.dangdang.com/29277803.html
248,动物农场（乔治・奥威尔经典的讽喻之作 ，也译“动物庄园”，后附英文版）,乔治・奥威尔,11.80,时代文艺出版社,http://product.dangdang.com/25229341.html
249,心若菩提(增订本),曹德旺,39.50,人民出版社,http://product.dangdang.com/29144556.html
250,曾国藩传（张宏杰新作）,张宏杰,61.00,民主与建设出版社,http://product.dangdang.com/26289139.html
251,把妈妈的话装进耳朵里,玛尔塔・帕拉雷斯,19.50,北京科学技术出版社,http://product.dangdang.com/27853164.html
252,米小圈脑筋急转弯（第二辑）(套装共4册）,北猫,31.70,四川少年儿童出版社,http://product.dangdang.com/28552328.html
253,人生的枷锁（又译《人性的枷锁》，毛姆自认的完美作品，写给在现实中迷茫的每一个人）,威廉・萨默赛特・毛姆,24.50,作家出版社,http://product.dangdang.com/24025897.html
254,简爱（英国女作家夏洛蒂・勃朗特的长篇小说，翻译家宋兆霖未删节全译本）,夏洛蒂勃朗特,14.00,作家出版社,http://product.dangdang.com/23752765.html
255,梁实秋：人间食话（老树画画全彩插画，梁实秋谈吃散文名篇精装收藏本）,梁实秋,22.50,天津人民出版社,http://product.dangdang.com/27866079.html
256,四年级（10岁）决定孩子一生的成绩,金康一,11.00,中国传媒大学出版社,http://product.dangdang.com/20857833.html
257,致我独一无二的宝贝（父母写给孩子的人生情书，一份以爱为名义的心灵庇护伞。联合国秘书长安东尼奥・古特雷斯高度评价，母婴育儿大V小土大橙子翻译，荣获独立图书*奖）,沙尼・金,17.60,湖南美术出版社,http://product.dangdang.com/29131992.html
258,华夏万卷 楷书入门6件套 楷书字帖田英章书钢笔字帖成人学生硬笔书法教程初学者基础字帖(赠控笔训练),田英章,29.70,上海交通大学出版社,http://product.dangdang.com/29130546.html
259,崔玉涛育儿百科,崔玉涛,84.30,中信出版社,http://product.dangdang.com/26312676.html
260,考试脑科学 脑科学中的高效记忆法（图灵出品）,池谷裕二,29.90,人民邮电出版社,http://product.dangdang.com/29222270.html
261,富有的习惯,托马斯・科里,22.50,民主与建设出版社,http://product.dangdang.com/25268456.html
262,"窄门(我们所追求的幸福,究竟是来自于我们真正的内心?还是外界的定义?《窄门》会给你答案)",安德烈・纪德,47.30,民主与建设出版社,http://product.dangdang.com/29134540.html
263,2021新版 点点点（小黄和小蓝升级版）宝宝视觉锻炼 杜莱大师作品 0-2 3-6岁幼儿启蒙绘本 早教书 [0-2岁],埃尔维・杜莱,24.90,海豚出版社,http://product.dangdang.com/29193831.html
264,树孩：赵丽宏全新力作（2021年度中国好书获奖图书）,赵丽宏,23.70,长江文艺出版社,http://product.dangdang.com/29284522.html
265,梁实秋：为这人间操碎了心（一本解闷宝书，文学泰斗梁实秋趣味散文选，创作100周年纪念版）,梁实秋,19.80,中国友谊出版公司,http://product.dangdang.com/29129870.html
266,爱，需要学习（为中国式亲密关系度身定制的实践指南，心理学者陈海贤教你拥有高质量亲密关系）,陈海贤,41.40,新星出版社,http://product.dangdang.com/29338142.html
267,山月记（如果你很迷茫！自我拉扯！一定要读《山月记》。日本文豪中岛敦笔下的中国物语，常年入选日本国语教材）【果麦经典】,中岛敦,22.50,三秦出版社,http://product.dangdang.com/26514431.html
268,局外人（加缪作品）,阿尔贝・加缪,9.90,上海译文出版社,http://product.dangdang.com/23323974.html
269,是谁嗯嗯在我的头上――邓超微博推荐的绘本 带给孩子更多勇气和自信的绘本！,维尔纳霍尔茨瓦特,19.90,河北教育出版社,http://product.dangdang.com/27942700.html
270,瓦尔登湖（瓦尔登湖畔，不只是身体的栖息之所，更是精神的沉思之地）,亨利戴维梭罗,11.80,作家出版社,http://product.dangdang.com/23828561.html
271,下沉年代（“得到”年度好书，许倬云、刘擎、但斌一致推荐！呈现美国近三十年沧桑巨变的史诗作品，每一个向上奋斗者的之书）,乔治・帕克,54.00,文汇出版社,http://product.dangdang.com/29179414.html
272,杨绛传：简朴的生活，高贵的灵魂（杨绛先生诞辰110周年纪念版）,梅子,47.30,民主与建设出版社,http://product.dangdang.com/28555728.html
273,新参者（2016版）,东野圭吾,17.80,南海出版公司,http://product.dangdang.com/23845292.html
274,大话艺术史（全2册）（大话中国艺术史+大话西方艺术史。句句有梗的极简艺术史！中西艺术发展一次全了解！轻松入门，提高审美）,意公子,98.00,海南摄影美术出版社,http://product.dangdang.com/29365647.html
275,自驱型成长：如何科学有效地培养孩子的自律,威廉,75.00,机械工业出版社,http://product.dangdang.com/28547325.html
276,我想做一个能在你的葬礼上描述你一生的人123（套装全三册）：季羡林、沈从文、史铁生等诉说日常里的爱与怀念，暖心情感散文集，触动万千读者回忆,季羡林,60.70,中国致公出版社,http://product.dangdang.com/29317809.html
277,正是橙黄橘绿时（“中国好书奖”获得者肖复兴暖心新作，温暖你的三餐和四季！随书附赠作者手绘藏书票一张）,肖复兴,34.50,北京联合出版有限公司,http://product.dangdang.com/29366402.html
278,心流：最优体验心理学,米哈里・契克森米哈赖,28.50,中信出版社,http://product.dangdang.com/25183660.html
279,草房子（当当网定制版）,曹文轩,8.70,天天出版社有限责任公司,http://product.dangdang.com/23662022.html
280,雪国（川端康成诺贝尔文学奖获奖作，全新精装典藏版）,川端康成,24.50,南海出版公司,http://product.dangdang.com/28522468.html
281,斯凯瑞金色童书・忙忙碌碌的一天（全3册）,斯凯瑞,9.00,贵州人民出版社,http://product.dangdang.com/20039610.html
282,米晶子济世良方（精装新版）（米晶子张至顺道长作品全新修订版！）,米晶子,39.60,中医古籍出版社,http://product.dangdang.com/29338159.html
283,干法（平装本）,稻盛和夫,49.00,机械工业出版社,http://product.dangdang.com/29298908.html
284,等一朵花开（国民漫画家小林代表作）,林帝浣,34.00,浙江文艺出版社,http://product.dangdang.com/28972888.html
285,我想要两颗西柚（大张伟私藏书单，力荐阅读。你们是平等的，那个人有权利知道，此刻的你正在喜欢Ta。）,胡辛束,22.50,浙江文艺出版社,http://product.dangdang.com/28523790.html
286,复杂世界的明白人（在变局时代，看清努力方向！）,九边,58.00,北京联合出版有限公司,http://product.dangdang.com/29343796.html
287,素书全鉴（珍藏版）,迟双明,30.60,中国纺织出版社,http://product.dangdang.com/24019269.html
288,戴建业・漫画世说新语（听戴老师讲《世说新语》，看爆笑漫画，大笑品味“迷死人”的魏晋风度）,刘义庆,24.90,浙江文艺出版社,http://product.dangdang.com/29346437.html
289,信谊世界精选图画书 抱抱,杰兹・阿波罗,22.90,明天出版社,http://product.dangdang.com/29122988.html
290,白鹿原（全书含陈忠实代表作白鹿原+信任+蚕儿+霞光灿烂的早晨，央视《读书》两次推荐版本。）,陈忠实,24.30,作家出版社,http://product.dangdang.com/26913843.html
291,米小圈漫画成语（第一辑）（套装共5册）,北猫,50.00,四川少年儿童出版社,http://product.dangdang.com/28519113.html
292,小狗钱钱（套装2册）（附赠免费亲子财商课+理财秘籍思维导图）,博多・舍费尔,39.80,中信出版社,http://product.dangdang.com/29343067.html
293,见识城邦・人类简史：从动物到上帝（新版）,尤瓦尔・赫拉利,49.00,中信出版社,http://product.dangdang.com/24186019.html
294,傲慢与偏见（孙致礼先生翻译，幽默&唯美，豆瓣9.1分译本）,奥斯丁,15.50,西安交通大学出版社,http://product.dangdang.com/24170731.html
295,终身成长：重新定义成功的思维模式,卡罗尔・德韦克,24.90,江西人民出版社,http://product.dangdang.com/25166912.html
296,10分钟爱上数学 我是学霸 培养孩子的学霸数学思维,项华,26.00,北京联合出版有限公司,http://product.dangdang.com/29325481.html
297,他和她的猫（当当专享定制INS风透卡、定制捏脸圆扇、定制甜蜜3D变幻卡，“唧唧的猫”甜蜜电竞题材作品）,唧唧的猫,17.50,江苏凤凰文艺出版社,http://product.dangdang.com/25299059.html
298,我的大自然观察笔记（套装2册）,张培华,26.80,化学工业出版社,http://product.dangdang.com/23996892.html
299,牧羊少年奇幻之旅（央视《朗读者》、湖南卫视《天天向上》、李现、黄轩、TFBOYS、高圆圆推荐，能改变一个人一生的书）,保罗・柯艾略,24.10,北京十月文艺出版社,http://product.dangdang.com/25172978.html
300,鱼没有脚（布克国际文学奖提名作品）,约恩・卡尔曼・斯特凡松,49.80,四川文艺出版社,http://product.dangdang.com/29340454.html
301,100层的房子（5本套）,岩井俊雄,100.50,北京科学技术出版社,http://product.dangdang.com/29316669.html
302,西游记幼儿美绘本（全10册）,吕进,77.60,少年儿童出版社,http://product.dangdang.com/25276987.html
303,断舍离（经典断舍离，山下英子初版全本）,山下英子,16.00,广西科学技术出版社,http://product.dangdang.com/23271503.html
304,养育女孩（新版）,史蒂夫・比达尔夫,19.90,中信出版社,http://product.dangdang.com/28520581.html
305,一个陌生女人的来信（茨威格中短篇小说选，豆瓣9.4高评分译作，德文直译无删节）,斯蒂芬・茨威格,10.30,时代文艺出版社,http://product.dangdang.com/25126131.html
306,时代广场的蟋蟀：麦克米伦世纪大奖小说最新升级版,乔治・塞尔登,11.70,二十一世纪出版社,http://product.dangdang.com/29148971.html
307,地心游记（银火箭少年科幻系列・第2辑，又译《地心历险记》，经典探险科幻小说，引发孩子对自然宇宙的思考）,儒勒・凡尔纳,17.20,民主与建设出版社,http://product.dangdang.com/28532004.html
308,米小圈上学记四年级（套装共4册）,北猫,50.00,四川少年儿童出版社,http://product.dangdang.com/25261326.html
309,人间词话（小嘉抖音推荐，叶嘉莹讲评本，诗词大家叶嘉莹逐条讲透、点评王国维诗词美学经典，读懂人生三境界）,王国维,34.00,万卷出版公司,http://product.dangdang.com/29305645.html
310,资治通鉴少年简读版(套装全4册）附赠音频，扫码畅听！四册盒装，精华简读；史家打造，全彩插图！,何孝荣,60.80,青岛出版社,http://product.dangdang.com/27868330.html
311,原声触摸发声书：听，什么声音（套装全6册）,YOYO出版社,145.00,开明出版社,http://product.dangdang.com/25214219.html
312,成年人的世界没有容易二字（专治“怕、不甘心、难”，助你早日丧尽天晴。百万畅销书作家老杨的猫头鹰新作）,老杨的猫头鹰,22.50,江苏凤凰文艺出版社,http://product.dangdang.com/29335604.html
313,亲密关系（第6版）,罗兰・米勒,89.70,人民邮电出版社,http://product.dangdang.com/23742958.html
314,自我的诞生（知名心理咨询师武志红转向“自我”研究的里程碑式作品）,武志红,49.00,新星出版社,http://product.dangdang.com/29373239.html
315,中国历代政治得失 钱穆（新校本）,钱穆,8.80,九州出版社,http://product.dangdang.com/22584137.html
316,大中华寻宝系列 秦朝寻宝记,京鼎动漫,17.50,二十一世纪出版社,http://product.dangdang.com/29191353.html
317,爱你就像爱生命（2021版）,王小波,33.80,北京十月文艺出版社,http://product.dangdang.com/29288640.html
318,科幻世界・三体(一),刘慈欣,13.50,重庆出版社,http://product.dangdang.com/20989573.html
319,学习高手（90后哈佛耶鲁高分毕业生超实用学习法）,李柘远,48.10,北京联合出版有限公司,http://product.dangdang.com/29002852.html
320,变量4：大国的腾挪（熬过去，就是海阔天空！看智慧的中国人如何腾挪自如、走出困境）,何帆,41.40,新星出版社,http://product.dangdang.com/29346003.html
321,洛克菲勒留给儿子的38封信,洛克菲勒,8.80,中华工商联合出版社,http://product.dangdang.com/22859328.html
322,如何阅读一本书,莫提默・J.艾德勒,34.80,商务印书馆,http://product.dangdang.com/29226385.html
323,米小圈上学记三年级（套装共4册）,北猫,50.00,四川少年儿童出版社,http://product.dangdang.com/25261324.html
324,洋葱头历险记--罗大里故事精选（注音彩绘版）,贾尼・罗大里,15.00,中国少年儿童出版社,http://product.dangdang.com/29194712.html
325,奇先生妙小姐全新故事集：颠倒小姐乱糟糟,明心,6.00,化学工业出版社,http://product.dangdang.com/28552441.html
326,遇见未知的自己：全新修订版,张德芬,26.00,湖南文艺出版社,http://product.dangdang.com/28486644.html
327,天堂旅行团（当当专享寄语印签环衬+精编小册子，继《全世界》《云边》之后，张嘉佳新书2021全新长篇力作）,张嘉佳,33.10,湖南文艺出版社,http://product.dangdang.com/29288121.html
328,偷偷藏不住（共2册）,竹已,38.87,青岛出版社,http://product.dangdang.com/28525786.html
329,非自然死亡：我的法医笔记（法医秦明冠名推荐，15年法医生涯，19宗真实案件改编。全网阅读超1亿人次！）,刘晓辉,26.00,台海出版社,http://product.dangdang.com/29177689.html
330,夏洛的网(2020版）（三年级阅读经典书目）,怀特,18.50,上海译文出版社,http://product.dangdang.com/28533668.html
331,东野圭吾：虚无的十字架（罗翔推荐！上市首周登顶Oricon排行榜！《白夜行》式危险关系，《恶意》式强烈反转）,东野圭吾,25.80,南海出版公司,http://product.dangdang.com/29378362.html
332,如果历史是一群喵1-9全集（套装共9册）,肥志,258.90,广东旅游出版社,http://product.dangdang.com/29325172.html
333,自卑与超越（也译作《超越自卑》。个体心理学创始人阿德勒代表作之一）,阿尔弗雷德・阿德勒,14.10,民主与建设出版社,http://product.dangdang.com/25183407.html
334,人生由我：比“硅谷钢铁侠”埃隆・马斯克更酷的硬核母亲。励志版“向前一步”,梅耶・马斯克,38.20,中信出版社,http://product.dangdang.com/28970991.html
335,深见春夫超级想象力图画书（全15册）,深见春夫,115.80,电子工业出版社,http://product.dangdang.com/27859288.html
336,一古拉的岔路口冒险：全4册（日本销售超100万册逻辑游戏绘本，让孩子玩出逻辑力！）,佐藤雅彦,98.00,上海文化出版社,http://product.dangdang.com/29137339.html
337,逻辑学入门：清晰思考、理性生活的88个逻辑学常识,格桑,41.90,中国纺织出版社,http://product.dangdang.com/29125207.html
338,银河帝国：基地（人类历史上不容错过的系列小说。被马斯克用火箭送上太空的科幻神作，百万册珍藏版）（读客科幻文库）,艾萨克・阿西莫夫,22.50,江苏文艺出版社,http://product.dangdang.com/29299194.html
339,孩子没关系逆商培养图画书（全5册）,杨泰锡,70.00,新疆青少年出版社,http://product.dangdang.com/23940063.html
340,365夜睡前故事（全4册） 宝宝睡前故事书0-3-6岁幼儿故事书早教配图 婴儿绘本书籍 [0-6岁],青葫芦,24.80,福建科技出版社,http://product.dangdang.com/27856105.html
341,好好吃的水果蔬菜：全3册（从辅食期就应该看的“下饭”玩具书、纸板书，让小宝宝好好吃饭不挑食）,木下惠,58.50,长江少年儿童出版社,http://product.dangdang.com/29154742.html
342,德鲁克 卓有成效的管理者,彼得.德鲁克,69.00,机械工业出版社,http://product.dangdang.com/27848019.html
343,富爸爸穷爸爸（新版本）当当投资理财类图书！本版随书附赠价值198元的“小白财商在线课程”,罗伯特・清崎,40.10,四川人民出版社,http://product.dangdang.com/27902388.html
344,哈利・波特与魔法石 (平装)（《语文》教材推荐阅读书目，外国儿童文学经典，新英国版封面平装版）,J.K.罗琳,32.30,人民文学出版社,http://product.dangdang.com/25479421.html
345,半小时漫画青春期：生理篇（从变声长痘到脸红心跳，笑着笑着解决青春期困扰！爆笑全解生理知识）,陈磊・半小时漫画团队,24.50,天津科学技术出版社,http://product.dangdang.com/29277698.html
346,四个春天（登顶豆瓣2019年度读书榜单中国文学・非小说榜首）,陆庆屹,24.30,南海出版公司,http://product.dangdang.com/26445258.html
347,原则：桥水创始人瑞达利欧作品，半个金融圈、投资界、管理层都在读，比尔・盖茨、张瑞敏、吴晓波、罗辑思维等倾情推荐！,瑞・达利欧,67.60,中信出版社,http://product.dangdang.com/25204629.html
348,沈从文旅行慢慢，走走又停停,沈从文,49.30,江西人民出版社,http://product.dangdang.com/27854006.html
349,穆斯林的葬礼（2015版）,霍达,34.30,北京十月文艺出版社,http://product.dangdang.com/23780305.html
350,刘擎西方现代思想讲义（奇葩说导师、得到App主理人刘擎讲透西方思想史，马东、罗振宇、陈嘉映、施展力荐）,刘擎,59.00,新星出版社,http://product.dangdang.com/29180031.html
351,焦虑的人（九个焦虑的人，一场人质劫持，能解救他们的不是警察，而是彼此。《外婆的道歉信》《清单人生》巴克曼拿手的暖心治愈故事）,弗雷德里克・巴克曼,24.70,天津人民出版社,http://product.dangdang.com/29284134.html
352,一古拉的岔路口奇遇（套装2册）,幼发拉底,53.00,青岛出版社,http://product.dangdang.com/29361926.html
353,思考，快与慢（团购电话400-106-6666转6）,丹尼尔・卡尼曼,47.60,中信出版社,http://product.dangdang.com/22781388.html
354,皮特猫・3~6岁好性格养成书：第二辑（共6册）（自信、豁达、友善……荣获19项大奖的好性格榜样，在美国家喻户晓）,金柏莉・迪安与詹姆斯・迪安,69.90,文汇出版社,http://product.dangdang.com/25280799.html
355,从你的全世界路过：修订本（张嘉佳亲笔签名版与普通版本随机发送）,张嘉佳,22.50,湖南文艺出版社,http://product.dangdang.com/27889594.html
356,臣服实验,迈克・A,22.50,南京大学出版社,http://product.dangdang.com/26437014.html
357,东野圭吾：时生（东野圭吾暖心力作）,东野圭吾,19.70,南海出版公司,http://product.dangdang.com/23730173.html
358,向上生长（九边作品。让选择变得精准，让机遇不再错失。 悉数解决人生困惑问题，实现向上生长。）,九边,22.50,贵州人民出版社,http://product.dangdang.com/28544504.html
359,牛虻（我一定要走自己的路，追随我所见到的光明。无数人因为读它重获力量）,艾捷尔・丽莲・伏尼契,47.30,台海出版社,http://product.dangdang.com/29134539.html
360,飘（上下） 世界名著典藏,米切尔,25.00,中央编译出版社,http://product.dangdang.com/23671032.html
361,小威向前冲,尼古拉斯・艾伦,21.24,贵州人民出版社,http://product.dangdang.com/25246337.html
362,人性的弱点（戴尔・卡耐基成功学的奠基之作）,卡耐基,14.00,北京联合出版公司,http://product.dangdang.com/23720003.html
363,好饿的小蛇（ 绘本大师宫西达也低幼绘本代表作）,宫西达也,16.00,２１世纪出版社,http://product.dangdang.com/25316023.html
364,协和专家孕产大百科（汉竹）,马良坤,22.00,江苏科学技术出版社,http://product.dangdang.com/24029891.html
365,我的情绪小怪兽,安娜・耶纳斯,53.80,陕西人民教育出版社,http://product.dangdang.com/27940556.html
366,在教室说错了没关系,莳田晋至,16.80,青岛出版社,http://product.dangdang.com/24194575.html
367,0-4岁幼儿认知小百科（全3册),吉田纯子,46.50,长江少年儿童出版社,http://product.dangdang.com/23417701.html
368,DK博物大百科――自然界的视觉盛宴,英国DK公司,202.50,科学普及出版社,http://product.dangdang.com/27887900.html
369,半小时漫画三国演义（哈哈哈哈一顿大笑，三国故事全知道！桃园结义、三顾茅庐、草船借箭，三国故事全收录！混子哥陈磊新作）,陈磊・半小时漫画团队,27.40,河南文艺出版社,http://product.dangdang.com/29313358.html
370,蛙（茅盾文学奖获奖作品，诺奖得主莫言畅销不衰的代表作；书写计划生育时代的大爱之书）,莫言,24.50,浙江文艺出版社,http://product.dangdang.com/28531228.html
371,恶意（东野圭吾四大杰作之一。最大的恶意不是杀了你，而是毁了你。颠覆推理，直面人性深渊！2022新译本）,东野圭吾,40.70,南海出版公司,http://product.dangdang.com/29354040.html
372,千与千寻（宫崎骏作品。日本上映20周年特别纪念！）,宫崎骏原作,69.00,北京联合出版有限公司,http://product.dangdang.com/29254497.html
373,人类群星闪耀时（14个改变人类命运的天才，14个影响人类文明的瞬间！全新精装彩插导读详注版！）（读客经典文库）,茨威格,34.50,江苏凤凰文艺出版社,http://product.dangdang.com/26919639.html
374,鲁迅：故事新编,鲁迅,12.50,天津人民出版社,http://product.dangdang.com/23620945.html
375,罗尔德・达尔作品典藏（彩图拼音版）―了不起的狐狸爸爸,罗尔德・达尔,13.70,明天出版社,http://product.dangdang.com/25575797.html
376,易经的奥秘：完整版,曾仕强,32.00,北京时代华文书局,http://product.dangdang.com/25113156.html
377,小清欢（在我开始确定，我喜欢的人终于也有那么一点点喜欢我的那一刻。）,云拿月,18.00,百花洲文艺出版社,http://product.dangdang.com/25217119.html
378,有故事的汉字 第1辑（全3册）,邱昭瑜,23.40,青岛出版社,http://product.dangdang.com/23629505.html
379,八次危机：中国的真实经验1949-2009,温铁军,35.50,东方出版社,http://product.dangdang.com/22917090.html
380,歪歪兔行为习惯系列互动图画书（全10册）,歪歪兔关键期早教项目组,45.00,海豚出版社,http://product.dangdang.com/20927266.html
381,好好说话：非暴力沟通幼儿版 [3-6岁],克里斯蒂娜・特巴尔,24.00,太白文艺出版社,http://product.dangdang.com/29159683.html
382,吸引力法则（稻盛和夫推荐学习的课程。掌握吸引力法则是创造梦想人生的关键！销售、谈判、职场、人际关系……成功工具书。）,杰克・坎菲尔德,14.90,光明日报出版社,http://product.dangdang.com/25278339.html
383,狼王梦（升级版）/动物小说大王沈石溪・品藏书系,沈石溪,15.60,浙江少年儿童出版社,http://product.dangdang.com/25309929.html
384,国际大奖小说・注音版--波普先生的企鹅,理查德・阿特沃特,10.00,新蕾出版社,http://product.dangdang.com/25108745.html
385,白鹅赶路（陈伯吹儿童文学奖等多项童书大奖得主彭万州赠予孩子的精神养料。手绘精美插图）,彭万洲,12.20,中译出版社（原中国对外翻译出版公司）,http://product.dangdang.com/26482578.html
386,罗生门（芥川龙之介小说集。《人间失格》作者太宰治是芥川的头号书迷）,芥川龙之介,14.60,时代文艺出版社,http://product.dangdang.com/25190564.html
387,人间告白（何炅、谢娜、 易烊千玺推荐，花生妈妈金鱼酱写给儿子的信）,金鱼酱,22.40,百花洲文艺出版社,http://product.dangdang.com/28518095.html
388,鼠疫（诺贝尔文学奖得主加缪代表作）,阿尔贝・加缪,47.30,民主与建设出版社,http://product.dangdang.com/29129771.html
389,时间简史（插图本）（央视《朗读者》推荐）,史蒂芬・霍金,22.50,湖南科技出版社,http://product.dangdang.com/463785.html
390,半小时漫画历史系列（共7册）中国史1-5+世界史1-2（看半小时漫画，通古今中外历史！混子哥新作！附赠定制版时间轴）,陈磊.半小时漫画团队,154.60,文汇出版社,http://product.dangdang.com/29252849.html
391,生物有秘密 我是学霸 给孩子的生物启蒙科普绘本,刘全儒,30.30,北京联合出版有限公司,http://product.dangdang.com/29365518.html
392,大中华寻宝系列2 北京寻宝记,孙家裕,22.60,二十一世纪出版社,http://product.dangdang.com/25287970.html
393,美好的旅行 全球 中国最美的100个地方 图说天下 国家地理 套装共2册[精选套装],图书天下・国家地理,15.50,北京联合出版公司,http://product.dangdang.com/25168107.html
394,半小时漫画宇宙大爆炸（半小时读完138亿年宇宙史，一口气搞懂大爆炸、奇点、黑洞、引力波、暗物质……混子哥陈磊新作！）,陈磊・半小时漫画团队,24.50,浙江科学技术出版社,http://product.dangdang.com/29322640.html
395,黄金时代（2021版，王小波成名代表作，当代文学经典！罗翔、肖战、朱一龙、麦家、李诞都在读王小波。),王小波,40.70,北京十月文艺出版社,http://product.dangdang.com/29255747.html
396,孩子看得懂的天工开物,大眼蛙童书,59.00,化学工业出版社,http://product.dangdang.com/29378186.html
397,沈石溪画本・狼王梦（上下2册）全彩美绘本，重装改版，全面升级，3-6年级阅读拓展书目,沈石溪,22.50,长江少年儿童出版社,http://product.dangdang.com/28553568.html
398,茶道 : 从喝茶到懂茶（彩色插图本，喝一杯好茶，品一段时光，让喝茶成为一种“慢文化”）,蓝戈,55.10,吉林美术出版社,http://product.dangdang.com/28541718.html
399,每天懂一点人情世故（经典畅销书）（全新修订版）南怀瑾、窦文涛、郭德纲、王蒙等名流推崇信奉的中华智慧,章岩,27.30,天津科学技术出版社,http://product.dangdang.com/28503362.html
400,怪诞行为学：可预测的非理性,丹・艾瑞里,32.30,中信出版社,http://product.dangdang.com/25198506.html
401,从零开始的女性主义,上野千鹤子,26.00,北京联合出版有限公司,http://product.dangdang.com/29298862.html
402,高效休息法 世界精英这样放松大脑（原版《最高休息法》，樊登读书创始人樊登博士倾力推荐！）,久贺谷亮,24.90,人民邮电出版社,http://product.dangdang.com/27866376.html
403,猫的风工厂：全5册（堪比宫崎骏作品的灵动风格，治愈系日本童话，新美南吉童话奖得主水野良惠、博洛尼亚国际画展入围插画师伊津野果诚意之作）,水野良惠,48.70,长江少年儿童出版社,http://product.dangdang.com/29331355.html
404,世界儿童文学大师林格伦作品精选--长袜子皮皮（全4册）注音美绘版,阿斯特丽德・林格伦,67.20,中国少年儿童出版社,http://product.dangdang.com/27876212.html
405,从前我死去的家,东野圭吾,24.70,北京十月文艺出版社,http://product.dangdang.com/25300652.html
406,哈利・波特与死亡圣器  (平装)（《语文》教材推荐阅读书目，外国儿童文学经典，新英国版封面平装版）,J.K.罗琳,47.20,人民文学出版社,http://product.dangdang.com/25479404.html
407,柳林风声（未删节精装彩插导读版《柳林风声》！第17届上海书展官方推荐版！中小学生无障碍阅读！读经典名著，认准作家榜！）,肯尼斯・格雷厄姆,42.00,浙江文艺出版社,http://product.dangdang.com/28544883.html
408,局外人・鼠疫（诺奖得主加缪两大代表作《局外人》《鼠疫》。翻译家李玉民翻译，拓展性注释，阅读不卡顿）,�z法�{阿尔贝・加缪,15.50,时代文艺出版社,http://product.dangdang.com/25203037.html
409,绝叫（罗翔推荐，长达四十年的恶女编年史，日本文学社会派推理小说 同名日剧《绝叫》原著）,叶真中显,26.10,北京联合出版有限公司,http://product.dangdang.com/28992227.html
410,张爱玲全集02：红玫瑰与白玫瑰（精装典藏版）,张爱玲,22.30,北京十月文艺出版社,http://product.dangdang.com/26516309.html
411,【2019诺贝尔经济学奖得主作品】 贫穷的本质（修订版）：我们为什么摆脱不了贫穷,阿比吉特.班纳吉,36.00,中信出版社,http://product.dangdang.com/25327237.html
412,理解人性（成熟不是看懂事情，而是看透人性。）,阿德勒,8.80,水利水电出版社,http://product.dangdang.com/28521430.html
413,苏菲的世界（平装新版）八年级阅读乔斯坦贾德哲学入门书作家出版社,乔斯坦・贾德,24.70,作家出版社,http://product.dangdang.com/25170989.html
414,大卫，不可以――1998年《纽约时报》年度最佳图画书  美国凯迪克大奖经典儿童绘本（启发童书馆出品）,大卫・香农David,19.90,河北教育出版社,http://product.dangdang.com/27913762.html
415,献给阿尔吉侬的花束 （新译本）,丹尼尔凯斯,24.00,广西师范大学出版社,http://product.dangdang.com/23685953.html
416,共情的力量：情商高的人，如何抚慰受伤的灵魂,亚瑟・乔拉米卡利,24.90,中国致公出版社,http://product.dangdang.com/26193811.html
417,三毛流浪记（彩图注音读物）,张乐平,18.80,少年儿童出版社,http://product.dangdang.com/25106955.html
418,侦探与小偷 （以思辨的哲思方式讲述惊险刺激的侦探故事，让孩子再思考中锻炼辩证思维。手绘精美插图，金钥匙儿童文学大系）,叶永烈,12.20,中译出版社（原中国对外翻译出版公司）,http://product.dangdang.com/26482585.html
419,戴老师魔性诗词课,戴建业,43.00,北京联合出版有限公司,http://product.dangdang.com/28538781.html
420,我想做一个能在你的葬礼上描述你一生的人：全网遍寻的辑一修订版来啦！新增三篇动人文章！,季羡林,20.20,中国致公出版社,http://product.dangdang.com/29317432.html
421,瓦尔登湖(珍藏本) 朗读者朗读书目,梭罗,11.60,中国三峡出版社,http://product.dangdang.com/20971873.html
422,一看就会的思维导图启蒙绘本（歪歪兔童书馆出品）,歪歪兔关键期早教,49.90,海豚出版社,http://product.dangdang.com/27854383.html
423,夜晚的潜水艇(第四届宝珀理想国文学奖得主陈春成短篇小说集，游荡于旧山河与未知宇宙间，汉语的一种风度与可能性),陈春成,32.50,上海三联书店,http://product.dangdang.com/29130324.html
424,心 稻盛和夫的一生嘱托,稻盛和夫,26.60,人民邮电出版社,http://product.dangdang.com/28547915.html
425,半小时漫画党史1921―1949（针对青少年研发，给孩子们讲党的故事！严肃活泼的极简漫画党史！）（半小时漫画系列）,上海人民出版社,24.90,上海人民出版社,http://product.dangdang.com/29303678.html
426,优势谈判（两任美国总统首席谈判顾问罗杰・道森代表作）,罗杰・道森,36.40,北京联合出版有限公司,http://product.dangdang.com/29372319.html
427,刘墉人生三书：我不是教你诈,刘墉,29.00,接力出版社,http://product.dangdang.com/26916316.html
428,作文六要 文学大师王鼎钧著 讲给青少年的写作课  朱永新莫言王安忆曹文轩马爱农联合推荐,王鼎钧,19.00,商务印书馆,http://product.dangdang.com/29312477.html
429,梁实秋：可能这就是人生吧（十点读书推荐，文学泰斗梁实秋趣味散文选，部分选用人民日报推荐篇目，创作100周年纪念版）,梁实秋,19.80,中国友谊出版公司,http://product.dangdang.com/28996254.html
430,我喜欢生命本来的样子(周国平经典散文作品集),周国平,22.10,作家出版社,http://product.dangdang.com/24198400.html
431,贪婪的多巴胺（爱情、欲望、精神、未来，是的，多巴胺都能做到！人类的未来，或许就写在这小小的欲望分子中）,丹尼尔・利伯曼,38.30,中信出版社,http://product.dangdang.com/29291506.html
432,高敏感优势：如何从高敏感变为高情商,长沼睦雄,21.60,中国友谊出版公司,http://product.dangdang.com/29265043.html
433,宫西达也“你肯定能行”绘本（全18册）,宫西达也,124.00,青岛出版社,http://product.dangdang.com/29132133.html
434,儒林外史(56回全本，内容考证、文字句读全新修订版),吴敬梓,11.80,花山文艺出版社,http://product.dangdang.com/23733160.html
435,德国精选科学图画书 套装4册（北大附小推荐书单 肚子里有个火车站+牙齿大街的新鲜事+皮肤国的大麻烦+大脑里的快递站）,安娜・鲁斯曼,72.40,北京科学技术出版社,http://product.dangdang.com/28988768.html
436,当了妈妈后，重新学说话（妈妈说话的方式，决定孩子的未来）,金恩熙,29.90,北京日报出版社,http://product.dangdang.com/29352889.html
437,动物小说大王沈石溪品藏书系 升级版（黄绿特辑 套装共12册）,沈石溪,150.00,浙江少年儿童出版社,http://product.dangdang.com/25314755.html
438,刀锋（“故事高手”毛姆晚年重要作品，兰登书屋典藏本全文翻译）,毛姆,18.00,江西人民出版社,http://product.dangdang.com/25157991.html
439,科幻世界・三体（典藏版）,刘慈欣,14.30,重庆出版社,http://product.dangdang.com/23989081.html
440,和爸妈游中国 走遍万水千山 套装共2册,黄宇,28.30,明天出版社,http://product.dangdang.com/29204606.html
441,中华人民共和国民法典（实用版）2021年1月起正式施行  团购电话：4001066666转6,中国法制出版社,42.20,中国法制出版社,http://product.dangdang.com/28558295.html
442,可以不睡觉，一直玩吗（送给全天下的不睡觉世界冠军们）,小杨叔叔,19.00,新世界出版社,http://product.dangdang.com/29219803.html
443,一句顶一万句（典藏版，《朗读者》第五期，刘震云与观众一起分享上个世纪三十年代的故事）,刘震云,22.50,长江文艺出版社,http://product.dangdang.com/23926283.html
444,法布尔昆虫记（全10册）（儿童彩图版）,高苏珊娜,99.00,北京科学技术出版社,http://product.dangdang.com/9101748.html
445,人生只有一件事:教你如何活得更好,金惟纯,38.20,中信出版社,http://product.dangdang.com/29235725.html
446,哈利・波特（套装1-7册） (平装)《语文》教材推荐阅读书目，外国儿童文学经典，新英国版封面平装版,J.K.罗琳,329.00,人民文学出版社,http://product.dangdang.com/25583206.html
447,四五快读 第一册 全彩图 升级版,杨其铎,14.90,湖南科技出版社,http://product.dangdang.com/21014454.html
448,大中华寻宝系列（1-28 上海寻宝记/北京/天津/重庆/山东/四川/湖北/浙江/甘肃/陕西/江西/江苏/云南/河南/安徽/湖南/香港/贵州/青海/澳门/广西/福建/河北/新疆/海南/黑龙江,孙家裕,490.00,二十一世纪出版社,http://product.dangdang.com/29293130.html
449,郑渊洁四大名传（全4册，含《罐头小人》电影情节）,郑渊洁,52.20,浙江少年儿童出版社,http://product.dangdang.com/29212910.html
450,八部金刚功 八部长寿功（精装新版）（米晶子张至顺道长作品全新修订版！）,米晶子,53.90,中医古籍出版社,http://product.dangdang.com/29308226.html
451,理想国（罗翔多次推荐的哲学经典，周国平强烈推荐版本，豆瓣9.6分译本）,柏拉图,34.00,云南人民出版社,http://product.dangdang.com/29305646.html
452,你想活出怎样的人生（宫崎骏从10岁读到70岁的小说，同名电影制作中，登顶日本2018图书总榜）,吉野源三郎,24.70,南海出版公司,http://product.dangdang.com/27911800.html
453,业力管理：善用业力法则创造富足人生（团购，请致电400-106-6666转6）,麦克・罗奇,18.00,华文出版社,http://product.dangdang.com/25206016.html
454,抱住棒棒的自己（武志红强烈推荐。“过去的我已经做得很棒了，剩下的我真的可以慢慢来。”“徐慢慢心理话”心理咨询案例漫画。）,徐慢慢心理话,29.90,浙江文艺出版社,http://product.dangdang.com/29323070.html
455,月亮的味道（精装）,麦克格雷涅茨,17.50,二十一世纪出版社,http://product.dangdang.com/25176229.html
456,东野圭吾：假面山庄（东野圭吾烧脑长篇）,东野圭吾,22.50,北京十月文艺出版社,http://product.dangdang.com/25206681.html
457,傅雷家书,傅雷,15.50,万卷出版公司,http://product.dangdang.com/29150685.html
458,戴老师高能唐诗课（2022“国民教授”戴建业高能开讲！）,戴建业,50.00,北京联合出版有限公司,http://product.dangdang.com/29367978.html
459,银河帝国：基地七部曲（全7册，科幻经典，阿西莫夫封神之作）,艾萨克・阿西莫夫,164.00,江苏文艺出版社,http://product.dangdang.com/23765172.html
460,信谊世界精选图画书-爷爷一定有办法,菲比・吉尔曼,21.40,明天出版社,http://product.dangdang.com/29148110.html
461,夏日终曲（第90届奥斯卡获奖电影《请以你的名字呼唤我》原著小说，获最佳改编剧本奖）,安德烈・艾席蒙,19.95,外语教学与研究出版社,http://product.dangdang.com/25239063.html
462,有钱人和你想的不一样（2020版，教会你有钱人和穷人不一样的17种思考方式和行为）,哈维・艾克,22.50,湖南文艺出版社,http://product.dangdang.com/29118940.html
463,漫画万物由来（全6册，桂冠童书奖，其中《豆腐》被评为第五届中国童书榜年度100佳童书）,郭翔,38.20,辽宁少年儿童出版社,http://product.dangdang.com/24103914.html
464,米晶子作品集（全套3种4册）（米晶子张至顺道长作品全新修订版！）,米晶子,185.90,华龄出版社,http://product.dangdang.com/29338164.html
465,可复制的领导力：樊登的9堂商业课（团购，请致电400-106-6666转6）,樊登,31.90,中信出版社,http://product.dangdang.com/25189353.html
466,民国往事,萨沙,6.60,北京联合出版公司,http://product.dangdang.com/23718018.html
467,岛上书店（李现推荐，每个人的生命中，都有无比艰难的那一年，将人生变得美好而辽阔。加・泽文感动读者的治愈小说！）,加・泽文,17.50,江苏文艺出版社,http://product.dangdang.com/23685329.html
468,道德经（中华经典名著全本全注全译-三全本）,张景,15.00,中华书局,http://product.dangdang.com/29242306.html
469,山海经（白话全译彩图版珍藏版）,徐客,26.50,现代出版社,http://product.dangdang.com/22627427.html
470,四五英语 第一辑（全5册套装）――儿童英语学习的阶梯：单词-简单句型-日常对话，学单词-说句子-玩游戏 附赠词句卡寓教于乐,沧浪,54.90,北京日报出版社,http://product.dangdang.com/29309665.html
471,那不勒斯四部曲（当当独家函套版，套装共4册，我的天才女友新名字的故事离开的留下的失踪的孩子，HBO青春大剧上映两个女人50年的友谊和战争）,埃莱娜・费兰特,130.00,人民文学出版社,http://product.dangdang.com/29166915.html
472,中国哲学简史(著名哲学家冯友兰畅销数百万册的经典。指引人生，充满洞见，了解中国哲学与中国文化。季羡林、李慎之、陈来推荐),冯友兰,21.80,民主与建设出版社,http://product.dangdang.com/25111639.html
473,罗尔德・达尔作品典藏 查理和巧克力工厂,罗尔德・达尔,11.00,明天出版社,http://product.dangdang.com/25110008.html
474,时间真好玩（全彩6册）（ 培养时间观念、学会认时钟、进行时间管理、 开发数学思维，幼儿启蒙）,乐凡,38.60,电子工业出版社,http://product.dangdang.com/28486948.html
475,100天后会死的鳄鱼君&不抓住什么就会飞走的海豹君（吾皇创作者白茶、阿狸创作者Hans倾情推荐）,菊池�v纪,70.50,接力出版社,http://product.dangdang.com/29341777.html
476,0-3岁宝宝大脑开发游戏书（亲子育儿，新手妈妈学习书）,柳泽弘树,17.10,哈尔滨出版社,http://product.dangdang.com/28998873.html
477,神奇校车・动画版（全10册）,乔安娜柯尔,64.90,贵州人民出版社,http://product.dangdang.com/25243206.html
478,哈利波特20周年纪念版（全20册）（“哈利・波特”20周年纪念版，中国风原创封面，小开本，低价格，适合孩子阅读）,J.K.罗琳,344.40,人民文学出版社,http://product.dangdang.com/29302930.html
479,海底两万里 注音版名师名家读名著,儒勒・凡尔纳,28.90,北方妇女儿童出版社,http://product.dangdang.com/25547088.html
480,世说新语（全2册・中华经典名著全本全注全译丛书-三全本）,朱碧莲,33.00,中华书局,http://product.dangdang.com/23568685.html
481,小兔子学花钱系列（完整版・全4册）：3~7岁财商启蒙，学花钱、学赚钱、学存钱、学捐钱！3岁对钱有概念，7岁会管零花钱,辛德斯・麦克劳德,85.60,河南文艺出版社,http://product.dangdang.com/29287731.html
482,即兴演讲 掌控人生关键时刻（樊登读书创始人樊登博士倾力推荐！）,朱迪思・汉弗莱,22.10,人民邮电出版社,http://product.dangdang.com/25276520.html
483,王安石传（上、下）（2021年度中国好书获奖图书，复旦首席教授王水照、华中师大教授戴建业倾情推荐，《苏轼传》《欧阳修传》作者七年磨一剑，纪念王安石诞辰一千年）,崔铭,48.90,天津人民出版社,http://product.dangdang.com/29318385.html
484,动物园（软精装）,乙一,29.90,人民文学出版社,http://product.dangdang.com/28538396.html
485,中国近代史（豆瓣评分9.5，历史学家何炳棣、郭廷以、费正清鼎力推荐！）,蒋廷黻,47.30,民主与建设出版社,http://product.dangdang.com/29171101.html
486,阿Q正传（收录鲁迅《阿Q正传》《狂人日记》《药》等17个中短篇小说）,鲁迅,9.40,北京联合出版公司,http://product.dangdang.com/23629643.html
487,世界喧嚣，我很好（梁实秋2021全新散文选集！央视反复纪念推荐！林清玄、余光中、冰心、季羡林备崇推荐！）,梁实秋,24.90,甘肃人民出版社,http://product.dangdang.com/29325128.html
488,致女儿书,王朔,17.50,北京十月文艺出版社,http://product.dangdang.com/23694106.html
489,水先生的奇妙之旅科学图画书系（全8册）,奥古斯汀,43.20,海燕出版社,http://product.dangdang.com/23578095.html
490,《超图解秒懂数学》,日本数学能力开发研究会,31.40,天津科学技术出版社,http://product.dangdang.com/29194286.html
491,语文高效学习法（原人大附中名师申怡分享提升语文成绩的核心方法，赠素材积累手册）,申怡,58.00,北京联合出版有限公司,http://product.dangdang.com/29353067.html
492,我的个天（戴教授随笔集，聊聊年轻朋友绕不开的读书、工作、恋爱那些事儿）,戴建业,29.90,上海文艺出版社,http://product.dangdang.com/29215219.html
493,作家榜经典：一间自己的房间（写给聪明女生的幸福指南！让女性觉醒及改变，做内心强大的自己！未删节全彩裸脊珍藏版！）,维吉尼亚・伍尔夫,22.50,中信出版社,http://product.dangdang.com/28479692.html
494,罗小黑战记1（豆瓣9.6分的国民动画！TV动画4月24日起每周六更新！每次看罗小黑，负能量都瞬间没！）,MTJJ,19.90,北京联合出版公司,http://product.dangdang.com/23737543.html
495,曹文轩文集-草房子,曹文轩,9.90,天天出版社有限责任公司,http://product.dangdang.com/22506353.html
496,当我谈跑步时，我谈些什么（2015典藏版）,村上春树,18.00,南海出版公司,http://product.dangdang.com/23774097.html
497,历史的镜子：全新未删节增补典藏插图版,吴晗,46.60,中国友谊出版公司,http://product.dangdang.com/29248023.html
498,米小圈脑筋急转弯一二合辑（套装共8册）,北猫,64.00,四川少儿出版社,http://product.dangdang.com/28555352.html
499,爱打嗝的斑马――邓超微博推荐的绘本 带给孩子更多勇气和自信的绘本！,大卫,19.90,北京联合出版公司,http://product.dangdang.com/27942699.html
500,月亮与六便士（荣获豆瓣9.4高分评论，一本好书 腾讯视频栏目推荐）,毛姆,17.50,南海出版公司,http://product.dangdang.com/23924481.html
